상품명,가격,url
Apple 애플 아이폰 13 미니 128GB 새상품,"298,000원",https://cr.shopping.naver.com/adcr?x=nkenkd1pOfp3m%2FFAofBrrP%2F%2F%2Fw%3D%3Ds4FRt1ThNmChPTWsUgKnhYq1odJ2%2F6LBtogIwFjN3ri1yoYErd7Wx1dfdVO6hh7qVL7btb2wI%2FavnV8cJkFdMPsKdlAuo4CRofAy%2FiHp8jqv8RtWXQ%2B4yWv%2FzzZujOpojg%2Fq43gEJBpuKo4bl1tT3pjaVokXeB%2BFEPJLMumGeWy5moZM3gSNH3h6%2BDtNnzbeVyaxxRm4H8HcYDi0B3B3iQmfQT7uWwvxdz8nMvhXCKF1zPnBo0jGi%2FSdSlDWdPE2TPsT%2FxSjpUJFdlZfyHQtivxKy3LoYl2rVajvOxbF9h7C54J8UO7LDGXdPU9Do8oyMXmq0wb8nQ9S1CNyVqQgAyKR1V%2FliXE2lu%2F5zyDI97DO0pQtdBAjJA5I31buo3J3FK98KaIZa4VBE0V5wqYGSTqZH49cjKL9Q00dIA4UK%2F0eMHn7BDBNaqXNmoKbAeTMvEHOWtFzR9N9nOYgVy2nfcAvjwiuIVmVWpP5pRh7n9mzSgD3VGDT18%2Fitl6L%2FmTdxXZ76KJZClTaLoisbxYrSEHb%2BOhmqxnW6D%2FjLvs94WiDr2tnODe64rb7uSLBATmnLGqGTHBr4YRDb6H3u8aWR7eVFoQ6H6wvqPrmgNGgz8omgCfwNxwy4FaRhj1RSEGeHVoWd0jB03C5aYq3HUc1IKtSSLJQZncWk8e8Ttfjz6Fs%3D&nvMid=88573763568&catId=50001519
아이폰 16 프로 128GB [자급제],"최저1,538,900원",https://cr.shopping.naver.com/adcr?x=2MlrTVAbeFnS4eG1FmXRo%2F%2F%2F%2Fw%3D%3Ds%2BXBIWoILvpE3u2BSnmL2VhsVmF%2BoI%2FaEZ%2B2b8EgTULjxTAJR5s3V3RheLYZrm3hTyBQ8CmR2Z8uSfJFAaHMrqmg6HabDTRx466CGciRiUnFBZuMfzSBinsMMtj7lqMfUpmWMW02Rfkp%2Fa7XIA5kPyigqPjVtKicAMxlBv5fNcgvumundRtj6DafqB7IoIcy%2F334rL%2BbR36BhYe0R%2FrUmjkI1yUrC8vID%2FKz%2F8c89qMtRDsmyJXi8r0AaBiYB%2FiTAY2ZxuAuvSW7ZwIsaDJftz694IFlqpi2PXO88uXmhtpESWkA26NjCjQKaiTj79qQ2IYcO%2BwZChQd38bYTPmzUgD9rXyqENDUD8omnd%2BAEOivf3Vb8LXDlJWzaxi1N0VJ6y7zxN%2BUGXTgQqgaj4d%2FP41C8IvS%2BNPsEPJ7D6mlNi%2F4%2BGTGBONvh7FYbvnx8%2F8pvoE8d2lVNTA7ssvli2uvVTktdy%2F0DPgmbquq6SjnyPoOyovKRC4aHTXKUgO0QOirGcief8o13bHY%2B%2Bo6avHSXNuUTzQo3Bt83F6RCwYl6NGT8VE4JNsZmPn%2FuLiKNIWBuzW4e70pMQGc1VnmdjemlaWeZHEiyDmCnsuQ8Lbd1GUdRN64mBm9G8QruBkLDcHT6clE5rfZtJfgUZ%2FeL65Mr%2FaxBrf1r%2FFyRMBgLToqi4YpvU2Y6hEEwGxc1AZfON9sL4VRAH%2BsMDObarUodGweR8Q%3D%3D&nvMid=53599505975&catId=50001519
아이폰 16 프로 256GB [자급제],"최저1,647,990원",https://cr.shopping.naver.com/adcr?x=DEuZogAXpDf1qLgVZV9%2FKf%2F%2F%2Fw%3D%3DsqA%2FIC7%2F%2F8aqKKI5JMdTKQbpmVY3Xey03tOz%2FKYQb9%2BPxTAJR5s3V3RheLYZrm3hTpRUsSV6fMGeRUOU0FMaH8Wg6HabDTRx466CGciRiUnFBZuMfzSBinsMMtj7lqMfUpmWMW02Rfkp%2Fa7XIA5kPyigqPjVtKicAMxlBv5fNcgvumundRtj6DafqB7IoIcy%2F334rL%2BbR36BhYe0R%2FrUmjkI1yUrC8vID%2FKz%2F8c89qMuf0NR%2Fx5rWTcVMnKn8BCOoY2ZxuAuvSW7ZwIsaDJftz694IFlqpi2PXO88uXmhtpESWkA26NjCjQKaiTj79qQ2IYcO%2BwZChQd38bYTPmzUgD9rXyqENDUD8omnd%2BAEOivf3Vb8LXDlJWzaxi1N0VJ6AvxaxRZvCqhIrBqJ6aJSsFC8IvS%2BNPsEPJ7D6mlNi%2F4%2BGTGBONvh7FYbvnx8%2F8pvkasU5T1tkopCzWYfQv0l1Utdy%2F0DPgmbquq6SjnyPoOyovKRC4aHTXKUgO0QOirGWpKGSANuTAi1bn24Lz1WdeUTzQo3Bt83F6RCwYl6NGT8VE4JNsZmPn%2FuLiKNIWBuzW4e70pMQGc1VnmdjemlaUtut63CJZPyzw0YrQVuut1RN64mBm9G8QruBkLDcHT6935J4zAHYDBb3kPyAY3fMdAgTZwSZXktDTmsNDNUZMBvU2Y6hEEwGxc1AZfON9sL4VRAH%2BsMDObarUodGweR8Q%3D%3D&nvMid=53599506392&catId=50001519
애플 아이폰 13 미니 128GB 미개봉 새제품,"298,000원",https://cr.shopping.naver.com/adcr?x=2YPFThtHpliddH7zNYA%2FcP%2F%2F%2Fw%3D%3DsJJqGib3TZD6QdKGAV9boXlBCPmcB5j5FZeDQr%2BNSvwlyoYErd7Wx1dfdVO6hh7qV8X2KFyYbK5e0R7VmQSHqR8KdlAuo4CRofAy%2FiHp8jqv8RtWXQ%2B4yWv%2FzzZujOpojg%2Fq43gEJBpuKo4bl1tT3pjaVokXeB%2BFEPJLMumGeWy5moZM3gSNH3h6%2BDtNnzbeVyaxxRm4H8HcYDi0B3B3iQmfQT7uWwvxdz8nMvhXCKF1J7CcSJ0DIUdHAyuPJ6A8oPsT%2FxSjpUJFdlZfyHQtivxKy3LoYl2rVajvOxbF9h7C54J8UO7LDGXdPU9Do8oyMXmq0wb8nQ9S1CNyVqQgAyLMSpoRkHOtxnxPIXVCi7DuAixnWzabim34zkcem3JwmvX82Y5Ils9cLeBDu1LyZBy3P7fbnqZxnF5ONYEtSOhkUIkt5M0yIil13vZMydQVHa6Vks%2B2VmMH7X%2BXhca4pjUfTmu80PPs%2FMBPhnIzy5qsPdqxd%2B8vMJd%2BB61wKXcZKHaEHQ%2B8%2BFU2ZxhzmZfYClqpTsGXQLJ8hyUYEUlHuZEljGRfK5wg06sS3WunRnJLUy%2F0zXg4nm4VnHbjmbnBVqXYDuBON6VfaR%2FoRlnxBuXAfw3ZxLZVd0hXNkvjZ7UpTATQoBoZyaGMgPFeI9gEXDQ1QmAmnoJRdq4K9btjkCM0%3D&nvMid=89710098371&catId=50001519
아이폰 16 128GB [자급제],"최저1,150,000원",https://cr.shopping.naver.com/adcr?x=%2BwXD80X9%2B2UPKGKwgcwbOv%2F%2F%2Fw%3D%3DsUnbF4o1A5b1S6q2jQRxYSBLLoJ%2FzEtP7roATjKfWu6RyoYErd7Wx1dfdVO6hh7qVhcZkKhi1nDnBYjenXgA2IsKdlAuo4CRofAy%2FiHp8jqv8RtWXQ%2B4yWv%2FzzZujOpojg%2Fq43gEJBpuKo4bl1tT3pjaVokXeB%2BFEPJLMumGeWy5moZM3gSNH3h6%2BDtNnzbeVhmeWtJmvw8M90EK%2Bzy5a114nEdwofithSFzlLG8az9BnyaG6bwUtY1txwz8CTzZqIk7uNvEAL%2BEcmclsT2kPbblIRP%2BZOH7CveIqcMav0VExGrCVcWZxUYVdjs%2FHfLzaMWit%2FicZSA%2FCK%2Fne362WaoBsJjzV%2F3vl5Lmd9HbkUGI%2FzdYC%2FwYAihDQzAs9Z5v9q1JPrbm%2FZXHatO4mIy8JqbNoujdiiNe5Aky91pn4j%2FL%2FRfyAUEGGvquedOTk2rasX8SIJ5qHfTnSjpJNBuFIpbHJM06m8XkkoABSxxLFFemOsyh0bwCm%2FIOHaD6%2FrVAH%2B%2B2yXwWofIrR0fXNW1MmeEP%2BQUw7izuxPHixtztdddDckXZkEU6M2AaKer2jiKrSPLdoIqsHpvyfRGQmkhS42FV5xdI01BB%2Bo1oP3Dcu3UqIDf9TYDOC4LzgCehLsur5bdWhmZPH%2BSPAmVhQHkpxxfNM1vvcRAGs4v6O%2B3JMl%2Fvke%2FVP%2BgM94BPZkP5YJ%2Bex&nvMid=53599047304&catId=50001519
아이폰 15 128GB [자급제],"최저949,900원",https://cr.shopping.naver.com/adcr?x=UhCm%2F1M8QbIBjQ3GpclKU%2F%2F%2F%2Fw%3D%3DsJCHYZv3X4vQE%2Fbn%2FSh2wDQiPlAFKf0yZ4L%2FUxJHCVqMAjU5j3gjlMYsRq8%2BGHFpShLQw%2B6JuwzOQoP%2BGIp7IvzXJD0NsZoE8wg%2BLc2SvDZhHRaISaXjSXtxpkOUV9xcVYGgJgOkBOhv00VctSKEY2gqaAUUK0wfEnvAn8a3oubnlU05CXBhSD3WPPdCE7tQp2h%2FqNbmMd3P9tE5jamCbKQuIB8ncdehaYvLTVmrbJlHMM2mSi7Sa8mQt93SiG8D6Cb3k2P9GsyYcLETHoLzpIeE8YCiibN06F7pXXqOPTLCYUXCaGwk1EXlpq6wL997eoni43GKTxG3menaWDNrrgsOmY27ZGze0Q%2BtXRlM4OxtarJoVrbEtunAYIkKGowOqqAeOeS%2FrCJZ6o%2FQJMiTl220mmFAEeToCuOR8ihX%2BdK8bV9SohnsJOp40F4RSK4iNUFczTaXAUp3PI65Af00IhS6UxJeah0Om0lkIOZtT9ZLxLbU57LuNzmnFLwGq45KooHKiq60hUuln4NQvZYiT0M9Tqme0YK6uG79Xy6idNiHH%2BfrfKNRTgWseaSfHVyvKQI4poIkqxZmwf%2FX7MjlP%2F%2BJNw334Sry5Rc3OR11sfHqdSlPOZBN6V54TTL6u%2FzFszcLOA%2BsMDYnX4jgwhIG%2BcpC%2FLbTSTczCTwA5HN4Lmu5WhZ3SMHTcLlpircdRzUgq1JIslBmdxaTx7xO1%2BPPoWw%3D%3D&nvMid=53599527966&catId=50001519
아이폰 16 256GB [자급제],"최저1,394,000원",https://cr.shopping.naver.com/adcr?x=PeDqfUEWvkytuVZ2EfHzj%2F%2F%2F%2Fw%3D%3DsNMMlcDeAGp85Du7PZNBm8ujsw2Gpa0QUV6JP9TwleqgAjU5j3gjlMYsRq8%2BGHFpSkFHkmR2YBwF55rXxAdcH%2BzXJD0NsZoE8wg%2BLc2SvDZhHRaISaXjSXtxpkOUV9xcVYGgJgOkBOhv00VctSKEY2gqaAUUK0wfEnvAn8a3oubnlU05CXBhSD3WPPdCE7tQp2h%2FqNbmMd3P9tE5jamCbKQuIB8ncdehaYvLTVmrbJlFydh93vC%2BUS65niDrA4EN3vLxjHMff%2BgVyiwLG0MmiL%2BE8YCiibN06F7pXXqOPTLCYUXCaGwk1EXlpq6wL997eoni43GKTxG3menaWDNrrgsOmY27ZGze0Q%2BtXRlM4OxtarJoVrbEtunAYIkKGowOqTKbVI9XtNuCcJLLsfQgQSZCUqhNbugFHlLh7n8V5E%2BIbV9SohnsJOp40F4RSK4iN5YFGhgVejVWdpgVO7H7FQy6UxJeah0Om0lkIOZtT9ZLxLbU57LuNzmnFLwGq45Ko1oflcsAZ1iAM2%2FJfLnLA5c9Tqme0YK6uG79Xy6idNiFfoBb8PeOvHm40vLS2IUT693e6imtuV3d386wKKcZfnuyOsnUBhQuUpnYKWK3oZG8BhNg6pO%2F%2Bw6bSRwW%2FduOkaVAW7DL6dVXxkeeEDTc%2BP%2Fbo75lPAFv%2BQoxozSl71oQDfkLIyuldBS3f8m8e6nLmzUhNzs2VE%2B%2Bisqs3JAEppg%3D%3D&nvMid=53599047322&catId=50001519
아이폰 15 프로 256GB [자급제],"최저1,393,900원",https://cr.shopping.naver.com/adcr?x=SYSqQity2ylA5Ql0zclxWf%2F%2F%2Fw%3D%3DsnSjIBsAoTzSy0IZz1txzzEFztRSczYJFSga5HO4JxglyoYErd7Wx1dfdVO6hh7qVZUZTvVK0Mo86bmyqrFyyasKdlAuo4CRofAy%2FiHp8jqv8RtWXQ%2B4yWv%2FzzZujOpojg%2Fq43gEJBpuKo4bl1tT3pjaVokXeB%2BFEPJLMumGeWy5moZM3gSNH3h6%2BDtNnzbeVhmeWtJmvw8M90EK%2Bzy5a114nEdwofithSFzlLG8az9BzJ2m9xzVX16%2FGarX%2B01r3Ik7uNvEAL%2BEcmclsT2kPbblIRP%2BZOH7CveIqcMav0VExGrCVcWZxUYVdjs%2FHfLzaMWit%2FicZSA%2FCK%2Fne362WaoBsJjzV%2F3vl5Lmd9HbkUGI%2FzdYC%2FwYAihDQzAs9Z5v99NHUndf7qHolWz2J%2BEXSULNoujdiiNe5Aky91pn4j%2FL%2FRfyAUEGGvquedOTk2rasOOdthiZOErJe9ssQl4FdRLHJM06m8XkkoABSxxLFFemOsyh0bwCm%2FIOHaD6%2FrVAH7sVtvBm3v5YZOclclZ%2FaPQ385erTrEUuUwLA0NA5uM%2FAzargGY5Icp7C5aRX7mFyaKtrqygSsoi6QS8o4VEc147LCp9MzUB7qJ540iKUuAWUy967mlSa3mZfqZTLi6DqY2E6yujLQ11ygCtiwpNH5bjXcZmNJfMcXCg6u4Qu7PZqQC9hxrCS4fZ6zUrDXWFDQdAiJdwXirBRdnaxfvrBbw%3D%3D&nvMid=53599860411&catId=50001519
Apple 아이폰 12 mini 자급제  화이트  128GB,"458,000원",https://cr.shopping.naver.com/adcr?x=XstUSUetDEQ5Qd5FfGpFgf%2F%2F%2Fw%3D%3DsZ8JxXy1IpZdfQGp2uTFaMvC6v3fDIkpAdDHnFswBtb%2FxTAJR5s3V3RheLYZrm3hTeD0EsD7YkPoHzDlfafcF5Gg6HabDTRx466CGciRiUnFBZuMfzSBinsMMtj7lqMfUpmWMW02Rfkp%2Fa7XIA5kPyigqPjVtKicAMxlBv5fNcgvumundRtj6DafqB7IoIcy%2FHNZtQ%2FiGx%2BQOIyH96Kmut2E6W4nW1ZBCJdFOCy3XN8wlaToL0ghSmUdGhrZMUHbDhsxCoSeBQNhekFZM3i0X%2B%2FEzggOzlmu%2FowE4agagGR4kVjp%2FDPUqzbBM8RIYUknvrLM5G5gm3kecO2r3SHi42M1qXVjYg2eRSXEHbnYXpWwsxyrpaTS7fjAmtxCeI9lwElpANujYwo0Cmok4%2B%2FakNiGHDvsGQoUHd%2FG2Ez5s1IA%2Fa18qhDQ1A%2FKJp3fgBDor391W%2FC1w5SVs2sYtTdFSel5lPuIM9GqFiJCLdtOyAM3MG0xAK9cFbztp9AIDgfdSbF4OZVL2Q%2FcwuxYvViSThyVi81K3R7gLl5UYW2p65YTUl1Mb6CmDxR1AktcPJbKn0P69pgRuFlNpayUcdMQ6yLo6i1b4MttAoU71uII3TXFT2TKzrkHct%2B15LL8HedPYpZF%2BuO2XY48Pfq%2BTHL6fmime0Bhp%2BVkis0cfZG5j5IE81Gi44tUFH1uRUKbnASPQ0V3PX%2BqZ6niBd3SkBIGiTVfexMN7WomrFHuiLQQrUIq7j%2FNw0eukmWJ%2FOw0UibYhHRyPBWbUFRhWScTsgQynPg%3D%3D&nvMid=55795851881&catId=50001519
해외아이폰 5S 무음 공기계 인스타 카메라 감성사진 학생폰 세컨폰 실버 16GB 항공,"79,500원",https://cr.shopping.naver.com/adcr?x=CNjpS4bJFQlWv12t3YIgrf%2F%2F%2Fw%3D%3Ds0Z0buITBaUG2lEyfo7G27u%2Fr989X7hjBvQ%2B%2FhRC43ApyoYErd7Wx1dfdVO6hh7qVCi3Lx2ruGH6%2Bh1krboRNecKdlAuo4CRofAy%2FiHp8jqv8RtWXQ%2B4yWv%2FzzZujOpojg%2Fq43gEJBpuKo4bl1tT3pjaVokXeB%2BFEPJLMumGeWy5moZM3gSNH3h6%2BDtNnzbeVyaxxRm4H8HcYDi0B3B3iQmfQT7uWwvxdz8nMvhXCKF2nKXtodEASDw6nTifdB09vPsT%2FxSjpUJFdlZfyHQtivxKy3LoYl2rVajvOxbF9h7C54J8UO7LDGXdPU9Do8oyMXmq0wb8nQ9S1CNyVqQgAyBAHp2QFXeoSSvPuArv03Ywk4%2FvFrqwewmzyIpkFL9bBAeuQKgRq6z4fGpaOnMSDdmp3oVjLJeInOmm8T5aeJcmMHn7BDBNaqXNmoKbAeTMvZqkF12SSa%2FkiH%2FT7OfVbhUUIfW1YUAcNmlNjwmK%2F%2B6Pltm1xsvVBiFqLgY6BHXkGEvntoHmVDRKgLU1FsWbr33Pru4aajHasHFZV5tiOjAU1PlIw18TOuiwreRB7nEu%2BKv5K5%2FreG2JWGzSXeEg7kr3ywEnG3zeXrw9g1o7M4VuIV%2BWpUeK9AlqmOvOpYa4GStrCsoCFMIrUUgMZwdw9SlDbZsseJgRl7KvZpxsNYqKcxJL8nIwOFcI2Wfohp5qVLemERI6e6l8l9c0yf3VnzUHQIiXcF4qwUXZ2sX76wW8%3D&nvMid=88862658133&catId=50000249
애플 아이폰17 프로 휴대폰성지 시세표 아이폰사전예약 공짜휴대폰 핸드폰성지 온라인개통,100원,https://cr.shopping.naver.com/adcr?x=CSSorZXTM5a57m%2FYstQoxP%2F%2F%2Fw%3D%3DsXEhQrYK4kTN6hSTthpzNo4nUha%2F%2BjhgXgSbtl9pXJWRyoYErd7Wx1dfdVO6hh7qVlBb2rKwaAM%2BwetOQ517MXMKdlAuo4CRofAy%2FiHp8jqv8RtWXQ%2B4yWv%2FzzZujOpojg%2Fq43gEJBpuKo4bl1tT3pjaVokXeB%2BFEPJLMumGeWy5moZM3gSNH3h6%2BDtNnzbeVvmzogpoodbe2tETAnPInphv0KXtSAd7Nx2AdxYITJULxZWuvR77kt%2FLV9FCkG%2B0ZKqWdBe2ggld1zFB%2FGbs8YZ3%2BAHbAorl%2BEQmQYNM1TqAVd1SPhxNyVYaa8CGm6Hrvv3sWRfAdqWuFWOuswFVdYTWfO1bMW3pjep%2FoDC8p5zwQBnpg1mJZ4g9A8pzfQjEzTB%2Fu4CeJ3r7tX51%2BDY%2FuCx9OhkI%2B6Os%2FQp9yMewl4EoHi%2FJg47oNDDASkMKeDThBwc%2B%2FjkR2vl%2B%2B%2B%2F%2BVPNlrhbcP8YVizs1Tnn7ojmD18uzXwfsczI8SB7ZMYfqYd%2Fy8u%2FaZDunUnivakt%2BfqGUOHFxwJ0R1V%2FZ0Djx1kck1ALtKajzCdBXHli1p7psB5u65G3V5kR2aoUxWKHkGQVuhcu06i19mB3qHrjIkJ8yE2ExZhK3akPKyc6XJMj79cpaev4RFUhWBiJlhkZXhI%2BQmQpKk53WG1NP6Y5XdCDNzF0aGh7ZXUE7qF2rQCeZ1xAUSALGvkgOo01yvJA4yT6JHBjeju2O%2FrNjiJNhSGu59MFrxwE1vSRrHKdZKphz98PzWhZDws%2Bf1yRSzHiCG5EuE0XjIjHJVxlb%2FQ94NVczD0eWPBimPDZwOttZjcrwUclZ9n6UajoicRmvorAZqJwG49%2B%2F3mGma5VYbcsCtKhsjyMloaKZHilHbuauHUigNM5KA&nvMid=52686328578&catId=50001519
아이폰 15프로 256GB Apple 미개봉,"574,000원",https://cr.shopping.naver.com/adcr?x=7ufqxQ8xWm4wbLiDWpNLT%2F%2F%2F%2Fw%3D%3Dsh2ljzS98RFpQrTPAp9D2jdcl4INIlaiNpl3eIG09Zz1yoYErd7Wx1dfdVO6hh7qVcPAVGiqda55WDONjZ7l5Y8KdlAuo4CRofAy%2FiHp8jqv8RtWXQ%2B4yWv%2FzzZujOpojg%2Fq43gEJBpuKo4bl1tT3pjaVokXeB%2BFEPJLMumGeWy5moZM3gSNH3h6%2BDtNnzbeVyaxxRm4H8HcYDi0B3B3iQmfQT7uWwvxdz8nMvhXCKF1xpWXXZID2trzlaD3iV8TuPsT%2FxSjpUJFdlZfyHQtivxKy3LoYl2rVajvOxbF9h7C54J8UO7LDGXdPU9Do8oyMXmq0wb8nQ9S1CNyVqQgAyEtbPmEVnrQBasORZopLnUTNsrjyK4F7y1meRMEyP2zyAeuQKgRq6z4fGpaOnMSDdkVG9J2gU1nDcTrWBMN9peSMHn7BDBNaqXNmoKbAeTMvM1U3L9I2RKVl4pfhPrsoSpTal4%2BlLHAP7nEhG4T3yKuUtDJ6OZTxrK%2FoW%2FePX7ssuin5dTU72T%2BUN%2BVi1dBpDK5SjZL5uqDCWIKDeTcA2X50fSDbPWacYjnpFef5GzFx71itUyY7hft4HshOfxqB1ec%2FjbHFKTE96%2FA%2FnUKg%2FkGjE4CS7Ey4qZfVsrONaCXDhWw3%2BIByOa0jCVNQVnCDoA%3D%3D&nvMid=89180114844&catId=50000249
아이폰 16 프로 맥스 256GB [자급제],"최저1,826,000원",https://cr.shopping.naver.com/adcr?x=zOL3bcMswk2VZz9lm%2F%2FSCv%2F%2F%2Fw%3D%3DsEyqC4lxMjbNp1kdp6Tp8gSZH3EPRCAyF6s8s0CIKlc8AjU5j3gjlMYsRq8%2BGHFpSO6JAAQAZaCdsNIzukj%2BFwjXJD0NsZoE8wg%2BLc2SvDZhHRaISaXjSXtxpkOUV9xcVYGgJgOkBOhv00VctSKEY2gqaAUUK0wfEnvAn8a3oubnlU05CXBhSD3WPPdCE7tQp2h%2FqNbmMd3P9tE5jamCbKQuIB8ncdehaYvLTVmrbJlHJU9Nb9o6hTwMb3O%2FH1TANZ46Vlehr%2B7vDcotOD8LaTuE8YCiibN06F7pXXqOPTLCYUXCaGwk1EXlpq6wL997eoni43GKTxG3menaWDNrrgsOmY27ZGze0Q%2BtXRlM4OxtarJoVrbEtunAYIkKGowOqi15bjiJRWpVN%2FHwOlTk0YZCUqhNbugFHlLh7n8V5E%2BIbV9SohnsJOp40F4RSK4iNTuMGMhlFvNe%2FbCwlZrcmRy6UxJeah0Om0lkIOZtT9ZLxLbU57LuNzmnFLwGq45KonOt5YC%2FLaLHQZiUenrfunhOlmDkRVNLk%2FLf6HDpZ%2BbT1JtnyFV8OD7Bngtl8x0QvjGJwprwK54AxsCU9GPG5%2FX5jQaFWdC2EYb%2B72101lMFATTleO61%2FINe5qCzzA59zDWrhHEcp0p%2F%2FKKziu53PdHqkGYYA%2B%2BjU0elVZmYTe7gFnI4o0Z%2FrnxdSHO1YfLMoVoWd0jB03C5aYq3HUc1IKtSSLJQZncWk8e8Ttfjz6Fs%3D&nvMid=53599522661&catId=50001519
아이폰 15 프로 128GB [자급제],"최저1,289,790원",https://cr.shopping.naver.com/adcr?x=NUe0lyBqYUglL%2BcF6FFkff%2F%2F%2Fw%3D%3Dsq5njE1E4qlPCLQo4avgArEvNyzDJ9z8ZsZ%2Bfd9fkomdyoYErd7Wx1dfdVO6hh7qVuIXhCOazQXVLaFHB1BkwusKdlAuo4CRofAy%2FiHp8jqv8RtWXQ%2B4yWv%2FzzZujOpojg%2Fq43gEJBpuKo4bl1tT3pjaVokXeB%2BFEPJLMumGeWy5moZM3gSNH3h6%2BDtNnzbeVhmeWtJmvw8M90EK%2Bzy5a114nEdwofithSFzlLG8az9A%2FzQQwhv%2BbfFdK4VRc3yODIk7uNvEAL%2BEcmclsT2kPbblIRP%2BZOH7CveIqcMav0VExGrCVcWZxUYVdjs%2FHfLzaMWit%2FicZSA%2FCK%2Fne362WaoBsJjzV%2F3vl5Lmd9HbkUGI%2FzdYC%2FwYAihDQzAs9Z5v9k5bgt%2BHuseCyat2zH8bHkLNoujdiiNe5Aky91pn4j%2FL%2FRfyAUEGGvquedOTk2rasCfFJ5Ouwz0EOv7W%2FBAp6NbHJM06m8XkkoABSxxLFFemOsyh0bwCm%2FIOHaD6%2FrVAHzhjY7EZT6EWfrjKWnYVJOQ385erTrEUuUwLA0NA5uM%2FAzargGY5Icp7C5aRX7mFyaKtrqygSsoi6QS8o4VEc1%2Fj%2FEcs39R%2F8mHbpNi2X7KqUy967mlSa3mZfqZTLi6DqBBBpMFYH7i%2Fmxm9%2BXGJctej673%2FMuct%2FJmp9qPV6ssRYJ9kHBRYSKGJUjszPcp5OHRyPBWbUFRhWScTsgQynPg%3D%3D&nvMid=53599845443&catId=50001519
아이폰 16e 128GB [자급제],"최저948,950원",https://cr.shopping.naver.com/adcr?x=fClQgGsuzXjM5trvJN9%2FvP%2F%2F%2Fw%3D%3Ds62g%2FPx1kQdoxty4azntZjXhs0LWhBTQJhL%2BpL%2BFSoTrxTAJR5s3V3RheLYZrm3hTOrwnofvYe%2Bu8YrUvBGDO32g6HabDTRx466CGciRiUnFBZuMfzSBinsMMtj7lqMfUpmWMW02Rfkp%2Fa7XIA5kPyigqPjVtKicAMxlBv5fNcgvumundRtj6DafqB7IoIcy%2F334rL%2BbR36BhYe0R%2FrUmjkI1yUrC8vID%2FKz%2F8c89qMtGXGOLEjRt4RdcEdkc1XQZY2ZxuAuvSW7ZwIsaDJftz694IFlqpi2PXO88uXmhtpESWkA26NjCjQKaiTj79qQ2IYcO%2BwZChQd38bYTPmzUgD9rXyqENDUD8omnd%2BAEOivf3Vb8LXDlJWzaxi1N0VJ6YpjckW6nwI6wUGK5NmjXMFC8IvS%2BNPsEPJ7D6mlNi%2F4%2BGTGBONvh7FYbvnx8%2F8pv8vcuNTnRADI1TpMzIimME0tdy%2F0DPgmbquq6SjnyPoOyovKRC4aHTXKUgO0QOirGGNEmnQyXTK5CSSy70mhGqKWAxwKjSAkhiEGe7TycblfEm%2FNM8RrouU%2FnSGbWpIoHst3WR3HwnW2nQWP8%2F49KLi%2FXmRPLC5ks0GFs1YUl3pISzxwVRNV%2FYRemZK5z1sCEAxGeDJ1qQNYFby7s02oCqGw0L0ZpRhcgVrThKjNnYQbNjqh%2FZemCCOboDhnweAmG&nvMid=53120926544&catId=50001519
아이폰16프로맥스 256G 애플 미개봉 새상품,"992,000원",https://cr.shopping.naver.com/adcr?x=UyFOwRbx1EeC6zVoeMeznf%2F%2F%2Fw%3D%3Ds58uwBHoeE%2BmQ7uNdcPK37tyz0ZFtoA1B6EtHoToO944AjU5j3gjlMYsRq8%2BGHFpSoXPoNi%2FZFlHDOxJEkSfzwjXJD0NsZoE8wg%2BLc2SvDZhHRaISaXjSXtxpkOUV9xcVYGgJgOkBOhv00VctSKEY2gqaAUUK0wfEnvAn8a3oubnlU05CXBhSD3WPPdCE7tQphNAWEw0JCsb7LJXBJqKWV9015zgK%2BP5r4ZCysDfiDpWsJPaacDv5tifZGYrUNV8AmhcjWOXG%2B3hjxZTUn4pxbnHzK7ICYRwdqEB0iK5u%2BztVXemfpmeX70wC2wQT5nyi5pxiwDZPU40LYzhHX%2FcRv%2B73cAx%2FPWlU04qa7CCXAfejiGCLG7zXde2MMdkRxGW1DG4evy%2BM13j64UYOnhTyGWhxRf15N07cw4QJHvtZXk8%2BhVEYoTr1TSuvmq6LxRF2ifHKG5mvlFEaKD0ZPoT3vWrt4h%2BT3uK1XRektfSOZb%2BPzQJWxesLYVA2c6Rtp9jOhsPSVDQs5zptLYv92QH5eDmY3exYrU2yyMYCachKN%2FO1qU%2Bln9Nyn6utQIEO8fsesQocLEGGa0wsleHc2pFkraVUb0UEUt%2BgzVsmAQ5oah%2BCe5F5RBDd9TkNaUStc32AFjeyT99i1YYMfnX4SfFhX8tVYavx%2B%2B8fWZa9SBc8rqM%3D&nvMid=89602360063&catId=50001519
아이폰 15 128GB Apple 미개봉 새상품,"190,000원",https://cr.shopping.naver.com/adcr?x=xjY9sm47SKnAojr4Wxtn9P%2F%2F%2Fw%3D%3DsEg05DEXKNFqDBPajUKIdz%2FdnWHmjRqznYbEwPzItoW0AjU5j3gjlMYsRq8%2BGHFpSQrOtl0sBDPuLx3B2sTDCvjXJD0NsZoE8wg%2BLc2SvDZhHRaISaXjSXtxpkOUV9xcVYGgJgOkBOhv00VctSKEY2gqaAUUK0wfEnvAn8a3oubnlU05CXBhSD3WPPdCE7tQphNAWEw0JCsb7LJXBJqKWV9015zgK%2BP5r4ZCysDfiDpU%2BVL60lv3C9v2T8H1I%2BVg7seQKcKH92NK3NBGuB3DTHnHzK7ICYRwdqEB0iK5u%2BztVXemfpmeX70wC2wQT5nyi5pxiwDZPU40LYzhHX%2FcRv%2FuPW61%2BO91owkcfVp9qNRioyhiQ8PY%2BwWfM6UIi6RE22HvQrG1q57G6KIPveES%2FyGd1Ue87MV8y3MuPjPcdSsl8OuOGy%2FTQOrD1rPdiK3QgcX29cO5JYNEsEN%2BlLZ4afn81MvLuaL4R2GsJ9cywbG%2FoN2ZRrMKdxH4AP6JuiK6wpZF%2BuO2XY48Pfq%2BTHL6fmsG63e02GFayvY4qwO959s481Gi44tUFH1uRUKbnASPQhvZ%2FMPkhwt%2Fqjax2TcnF1080P4sx4GMECoTtgHhD2GfhWqPHKsYyPp4mxz7LbSOtVoWd0jB03C5aYq3HUc1IKtSSLJQZncWk8e8Ttfjz6Fs%3D&nvMid=88646726618&catId=50001519
해외아이폰se 아이폰se1 공기계 모두의애플 se1 골드 WIFI 16GB,"116,500원",https://cr.shopping.naver.com/adcr?x=78Hl8gEJ6MQqJZ5YvJEJp%2F%2F%2F%2Fw%3D%3DslxrBjhAwIGQZBfUOWNYxOvHimAaKskcftkvaFYDsV8VyoYErd7Wx1dfdVO6hh7qVcDHMwObeykboBgmj6vV3dcKdlAuo4CRofAy%2FiHp8jqv8RtWXQ%2B4yWv%2FzzZujOpojg%2Fq43gEJBpuKo4bl1tT3pjaVokXeB%2BFEPJLMumGeWy5moZM3gSNH3h6%2BDtNnzbeVyaxxRm4H8HcYDi0B3B3iQmfQT7uWwvxdz8nMvhXCKF1hi0pLwAgtnkt5HNVqPmIGPsT%2FxSjpUJFdlZfyHQtivxKy3LoYl2rVajvOxbF9h7C54J8UO7LDGXdPU9Do8oyMXmq0wb8nQ9S1CNyVqQgAyJ5NQ1hu0bzhrwRm0Bqu4viXXZDR2gdmKOKxuhr33ClMnYga0%2FK4FAb9dYf4XzQ03jKYGmMo7BNK6MEkPlzHEMIUIkt5M0yIil13vZMydQVHTem4ZERI%2Fwq5Ejb1BQrHj8VwEBzDLJ0E84zB0dQYE3oWCoy7xh2pgS0DEz8Tj2QaayHhQG69oM5QdE0yeM1kfIyAIedEEDu0ydV7ghF6UzQatRu711I%2FkubgBte3JEzBogOnHK9%2B8eSzg98zx33tg5AJTisD2oQhMmHfRPpWpo5Hi1%2B7LOJmopJ1AgkjK1%2Fnk5zumJK8ecsRCpl93YItjw6j2pU7CBzOjK5LUfIklKqCqA6%2BrrPkSkQjk3bFq%2FUy&nvMid=89679698641&catId=50000249
아이폰 14프로 128GB 애플 미개봉 정품 새상품,"390,000원",https://cr.shopping.naver.com/adcr?x=b31jYnfVRLY4rXQN2VfiLf%2F%2F%2Fw%3D%3DsoKnGdAL8NlB7v%2B4e3tE5DVt70wFiHLnjAk2jVbHjut0ksXwEH1Ig1UJg2fSjEwkDKJdmH4an3r3t8jUjwHu%2BK1sZOinTopHxyAyK2u%2FTy%2BjYsfDmngMDc30arSUbghlwWZ%2BaniQmLcULtFMcbt8zKEQHq3EAxg6AqhJ5Mugjnge7z0qHjAnuDuWrsvjd7bMcxUiFRNirYnXAXhdwoPYA5aQ4Ddlq14b9jx4rHBfUTQ19hIH6%2Bf44vnhBqmOZ53pn5ekQJuCNx1q0lWuPWWA5xP54B1aDCVJ%2FaBI6h2dlIjAQhkkHXK4%2FmSRy5icYE%2F27nXOSVCysSuaF7Of2P30WF%2BsupJ4CTA4cvOALad%2FgZDjTa7zby%2FNaK3rO0FImHU2Zm7JmBOdk%2FhkLYWLj7G5yhXONEc%2BQFWzGYrhUqsCcdyl5PGzBKmO2aXL3EEnbZDKY%2B5ctC1EcKOCAeFk1mIqsx%2BKiT5HCduYAkhZa6XcRyuxzbEJ%2FCZ8vBiaXT9veXnHJ5t3sg%2FBV0f1OHMiWZpsP94HNSy4uPqlK4pNgFv632gavvVjMrJQsdrKIMP4NCxbHStrCsoCFMIrUUgMZwdw9Sk9iN2MqK8Bj9528OAWzSBRLC44is%2BXjH%2BGLTxzNe0256qGn4TrXyA6gBJ1cyXZUmEHQIiXcF4qwUXZ2sX76wW8%3D&nvMid=88900413396&catId=50001519
[대여] 아이폰15 프로 맥스 렌탈 무보증금 무서류 카메라 캠코더 휴대폰 스마트폰 최소3일,"19,000원",https://cr.shopping.naver.com/adcr?x=Zo5%2Bd8tJtaHBndf6fgoz4%2F%2F%2F%2Fw%3D%3DscFGAmE%2Fo9Ay7xsSvoQMqAs1sJJF2mmnUbp1MEPuZSudyoYErd7Wx1dfdVO6hh7qVda%2FYbotIaZDqwFTMBzqe28KdlAuo4CRofAy%2FiHp8jqv8RtWXQ%2B4yWv%2FzzZujOpojg%2Fq43gEJBpuKo4bl1tT3pjaVokXeB%2BFEPJLMumGeWy5moZM3gSNH3h6%2BDtNnzbeVyaxxRm4H8HcYDi0B3B3iQmfQT7uWwvxdz8nMvhXCKF2%2BwGIWkdo4GVnAa2D7h%2BMvElpANujYwo0Cmok4%2B%2FakNiGHDvsGQoUHd%2FG2Ez5s1IA%2Fa18qhDQ1A%2FKJp3fgBDor391W%2FC1w5SVs2sYtTdFSevw9IucBkGndnrpGDQrkTmdsqetOz1GbFeYzejkdJBc8S25wFKNFGab1Mlgs7bQfmaLovqNPJb%2BSu29LfoNJ%2FlynxgbDD2XfIgcXRF0QcUNbEO%2FmVNr6T267AuTb5OjR7IpSIvC8jYePv4%2B3DZsURz7vM%2FG4OVi2VuK1TgZs3edRYyjiMJzji4dqizJ4WNPdLi%2B1K2rcFs98kcQztYkgOvcobDotS%2Fs5ZmKcO1Tx1AwB2ASYcDlp%2FryMTsMJPpFQGofiSk8zwGfu0fH5NabilFkyT10rAX94kfn%2Fu%2F6s%2Fhx6YUY7Ok5XRU433lMoiTwEoNtd04ddp7OXA1u7Um%2BVVUX%2BYDq1RcdCWCKG4QMQhfchUtZdhFuh9weFQTVLl3QuAW9TZjqEQTAbFzUBl8432wvhVEAf6wwM5tqtSh0bB5Hx&nvMid=87157022559&catId=50000249
해외아이폰 5s 세컨폰 스페이스그레이 공기계 16GB 풀박스 언락폰,"70,300원",https://cr.shopping.naver.com/adcr?x=%2BYdj9UiWN87%2FJxlWRYGuG%2F%2F%2F%2Fw%3D%3DsuawpZsVOAithFCv9bJLUCEOeOq%2BejEiQaIPVnU3AH00AjU5j3gjlMYsRq8%2BGHFpSOoIqeuIONiWesGNodzuGwDXJD0NsZoE8wg%2BLc2SvDZhHRaISaXjSXtxpkOUV9xcVYGgJgOkBOhv00VctSKEY2gqaAUUK0wfEnvAn8a3oubnlU05CXBhSD3WPPdCE7tQphNAWEw0JCsb7LJXBJqKWV9015zgK%2BP5r4ZCysDfiDpW5dHIiZ%2BSSB9EeYQnKvjekMFMzRhKmWJO11BWvKHMxh3HzK7ICYRwdqEB0iK5u%2BztVXemfpmeX70wC2wQT5nyi5pxiwDZPU40LYzhHX%2FcRv5s35m5GYvAMsCbG6aHVAad4tcAvs7q6MOPFAkxOhCjR5adVVOd36sZSkwU%2FrusCgt5lh3iOfuWEe%2F%2FVftsJzZTsC0r0NvM0vGOEhI11uxNUFTBSx5Bl%2BNy8TX1PJ10%2Bc4g5EY8s9bptKPSiyQ%2F3lGWsGqQ5XWr6NMt4qnVcksa63Tx4%2Be91ZamCZuTe%2BRY1QvS8B%2BpSNAgLxZi%2BdPXSpWbcCP5Uc%2FfjM2ZWoz2Z7AHfFJISdcWQ%2B5CrN%2BNRkfdHHB9jsixeGNqHQgOiEXKeLEC3%2FwInuiqFY7NCmhY5AqQ7tUSwsDNGFcqj%2BWeuU0Eo1AqfJEm04SCBUFPR%2BKC0oERvU2Y6hEEwGxc1AZfON9sL4VRAH%2BsMDObarUodGweR8Q%3D%3D&nvMid=87669722009&catId=50000249
애플 아이폰 14 프로 256GB 새제품 미개봉,"664,000원",https://cr.shopping.naver.com/adcr?x=pvlJHIZC%2Fu0ZAY2HtZWzHv%2F%2F%2Fw%3D%3DsuOuLXzOmAr17w2oWkA5UexCGF875kNICs3u1%2FAdjeg9yoYErd7Wx1dfdVO6hh7qVaxrToVXDeQ9sYZpMNXExeMKdlAuo4CRofAy%2FiHp8jqv8RtWXQ%2B4yWv%2FzzZujOpojg%2Fq43gEJBpuKo4bl1tT3pjaVokXeB%2BFEPJLMumGeWy5moZM3gSNH3h6%2BDtNnzbeVyaxxRm4H8HcYDi0B3B3iQmfQT7uWwvxdz8nMvhXCKF3MFEfcTkmNtODz%2FHc%2BwxX0PsT%2FxSjpUJFdlZfyHQtivxKy3LoYl2rVajvOxbF9h7C54J8UO7LDGXdPU9Do8oyMXmq0wb8nQ9S1CNyVqQgAyF3FepV8dsG7%2FqZw6WBXYFyAixnWzabim34zkcem3JwmvX82Y5Ils9cLeBDu1LyZB99SLSYRTfWmNgBnSj4Gph4UIkt5M0yIil13vZMydQVHa6Vks%2B2VmMH7X%2BXhca4pjYEXkkgKz5jw2vIYvSnsfJXR3gKb%2BJTVvO6aVnk1OMJ0yXiD2HfyP3pCarXjcLFNOfbQD5oKHRfquJSpHTGF1kQF%2FCNwgGrwldUSqvlcKR5Ny%2F0zXg4nm4VnHbjmbnBVqQrEp3XFs3tCA3%2BOZhVmH9ezwLAxPOsS5ARFO0zjZ9rMAfbTZaplkiqwbPMpcYqFqAau4fTwOUqyF63FjwpQRls%3D&nvMid=89711759342&catId=50001519
아이폰 15프로맥스 256GB Apple 미개봉 새상품,"682,000원",https://cr.shopping.naver.com/adcr?x=geWg%2FjMeAuVQ4iyRcLcdSP%2F%2F%2Fw%3D%3DsXbYmlt%2FZxUnC4CCHTw9KJ12U5yCaGDg8eAvSCrnSwyUAjU5j3gjlMYsRq8%2BGHFpS7ED6UZEZGY%2F4QVmz%2FUI9FDXJD0NsZoE8wg%2BLc2SvDZhHRaISaXjSXtxpkOUV9xcVYGgJgOkBOhv00VctSKEY2gqaAUUK0wfEnvAn8a3oubnlU05CXBhSD3WPPdCE7tQphNAWEw0JCsb7LJXBJqKWV9015zgK%2BP5r4ZCysDfiDpV%2B34k9yHnnLbs2nriTs%2BysFbDI%2FF6jfqmFUEWQUy1m4HHzK7ICYRwdqEB0iK5u%2BztVXemfpmeX70wC2wQT5nyi5pxiwDZPU40LYzhHX%2FcRv5Y6QnbE5HqssWdhVb7hP2WoyhiQ8PY%2BwWfM6UIi6RE22HvQrG1q57G6KIPveES%2FyDt8CnWj7%2FTCeARP3hrLA7krew%2FxIRf4lpBQXzfxWyY7aWklflbSSY7%2FXCUWno6zWLXtYy0EEocFh3VvX4D2pXGzfvJDzKn3yTph%2BZ93Urz0iKbyoHxfuzt%2FP%2Fi5DPytCc1Ut9JSOjKhh4Nyzg1c7VszQ5yQrgmkgmLEhA0vOcXCKYTOF5KsHq%2BigGAc1pAeZxaYNS2NStHQ3bGp1sxoS2n5PlulZvED32vFUVG%2F%2BMRKF1CgNUr4PcQ%2BM9BcS2wJ7M2OqH9l6YII5ugOGfB4CYY%3D&nvMid=88646419517&catId=50001519
아이폰 16 256GB Apple 미개봉 새상품,"545,000원",https://cr.shopping.naver.com/adcr?x=18NeT7A7ADOMVqTixEO7Dv%2F%2F%2Fw%3D%3DsEmurq%2BNk6ohIA%2FOo%2FG35KIGCNzSOAmLN8qyswVt2EpByoYErd7Wx1dfdVO6hh7qVI9tXA0xg8yZMlKXLvsKHQcKdlAuo4CRofAy%2FiHp8jqv8RtWXQ%2B4yWv%2FzzZujOpojg%2Fq43gEJBpuKo4bl1tT3pjaVokXeB%2BFEPJLMumGeWy5moZM3gSNH3h6%2BDtNnzbeVyaxxRm4H8HcYDi0B3B3iQmfQT7uWwvxdz8nMvhXCKF01ltrURfTLztDtRt2aU1PFPsT%2FxSjpUJFdlZfyHQtivxKy3LoYl2rVajvOxbF9h7C54J8UO7LDGXdPU9Do8oyMXmq0wb8nQ9S1CNyVqQgAyGrJEyqiB9joBDwcQYptuvpv37qqrGz6%2Flcmfh8tq7KZK98KaIZa4VBE0V5wqYGSTkfu0LFahz3Q0i%2BrRpUVA5%2BMHn7BDBNaqXNmoKbAeTMvoEKUK06kkllxzdWVjttqTHf5yKBm%2Fkwo27nAkv88TTvlrWJaEAsyBxB%2FVyTfQsiSmizsw57iASTSdiNeVn6LnQvlNZEQ0k2rvOdVjUIJ0M3Tn%2BIvcxawVxNuePP9ktet1rLBFtqt14%2BDqVNT47%2BaZIXGKz9DQ%2F7eTHEjHGAX1dTG00cFZZvQlQ7ridhyOppIxyAhEKTy%2B0Zvtn8oYxIR0Q%3D%3D&nvMid=88646754590&catId=50001519
아이폰 14 프로맥스 128GB Apple 새상품 정품,"372,280원",https://cr.shopping.naver.com/adcr?x=z5InPpfrDIeYnBDyhtiQ7P%2F%2F%2Fw%3D%3DsMUMh1a8dTjkOF6tFYtseqRo8pM03hnhAuIukLxQQmVtyoYErd7Wx1dfdVO6hh7qVZ7vGD%2BlDd8vzYMs4i9ftrcKdlAuo4CRofAy%2FiHp8jqv8RtWXQ%2B4yWv%2FzzZujOpojg%2Fq43gEJBpuKo4bl1tT3pjaVokXeB%2BFEPJLMumGeWy5moZM3gSNH3h6%2BDtNnzbeVL5jFwDFCegKdTHeOMiI4gtwB1kOFxQ1CFh%2Fhnue79cbXqOQm68ipmQjyM9uzVeSrwh%2Fi7gG3n4Ce%2FW3jIB71Cva1DgYdafmNW3cSbaYXKx3g6J7Kl2Jbj3ktYyIhMKOKoni43GKTxG3menaWDNrrgsOmY27ZGze0Q%2BtXRlM4OxtarJoVrbEtunAYIkKGowOq2l6RYEqK2z7%2BW1%2BUkZzlTrArwJXBU9JLjUEn6KqhGOEr3wpohlrhUETRXnCpgZJOFh8t5OH0F4p5yHEZAivua4wefsEME1qpc2agpsB5My8sWDyeftROSDnuI1IKXHStB7ak3HtKtc6CXHGcwsrsNkfFT9cEmuok2Z5%2F90koIA8Deub0otWFwVTA8amlCeWQwjVfxLU3%2F%2BdTnFoSNxCfEhmt1utvmFMwE7q14oN1Bt8ugiDh5S8n%2B7Rc0MeNuzgd5Y%2BL6jCNwWBvyxfVcJVes9Swe7jBzRzx6zyTkd3RmK%2Fke%2FVP%2BgM94BPZkP5YJ%2Bex&nvMid=50296246980&catId=50001519
아이폰 13 128GB [자급제],"최저658,000원",https://cr.shopping.naver.com/adcr?x=bausxMppVQWbxOwImiDE2v%2F%2F%2Fw%3D%3DsnoP9UtKuAp6TSaLje3f%2FDCyoEwk%2BppLHXzbZOt4JYEVyoYErd7Wx1dfdVO6hh7qV%2FhZA8piGlyeNZIb80yy5Y8KdlAuo4CRofAy%2FiHp8jqv8RtWXQ%2B4yWv%2FzzZujOpojg%2Fq43gEJBpuKo4bl1tT3pjaVokXeB%2BFEPJLMumGeWy5moZM3gSNH3h6%2BDtNnzbeVhmeWtJmvw8M90EK%2Bzy5a114nEdwofithSFzlLG8az9CMObOQrmQh2vBAfYCvD01iIk7uNvEAL%2BEcmclsT2kPbblIRP%2BZOH7CveIqcMav0VExGrCVcWZxUYVdjs%2FHfLzaMWit%2FicZSA%2FCK%2Fne362WaoBsJjzV%2F3vl5Lmd9HbkUGI%2FzdYC%2FwYAihDQzAs9Z5v9%2FvdNlC6F4LsxyNujYvZxrrNoujdiiNe5Aky91pn4j%2FL%2FRfyAUEGGvquedOTk2rasjUc%2B5Y8QJBm1ncmbOzKScbHJM06m8XkkoABSxxLFFemOsyh0bwCm%2FIOHaD6%2FrVAHJc6Bi1b24jiVPjkasPKCXUP%2BQUw7izuxPHixtztdddD%2Fgxe3%2BcTVXL8PGKATbEWMKqj91oePQKbn1VxvG5uoZwiZap2VTZ7BWDfs6VlaLvJicchwRNwmJ84TyxvjggzFRAtp8V51T7%2BgokhusFQWHbHgqXHJRZQa6U8Ef5nrR%2Bjke%2FVP%2BgM94BPZkP5YJ%2Bex&nvMid=53646882589&catId=50001519
애플 아이폰13mini 미니 128GB 스타라이트 자급제,"598,000원",https://cr.shopping.naver.com/adcr?x=vEgvnvLir7AcaUyqwblWX%2F%2F%2F%2Fw%3D%3Ds%2BoUHuloO03R1BWEqH50zUdMNGNddJDpWUmDmItbsRecAjU5j3gjlMYsRq8%2BGHFpSxZHWXzwRNnZWhhNjVPeHejXJD0NsZoE8wg%2BLc2SvDZhHRaISaXjSXtxpkOUV9xcVYGgJgOkBOhv00VctSKEY2gqaAUUK0wfEnvAn8a3oubnlU05CXBhSD3WPPdCE7tQphNAWEw0JCsb7LJXBJqKWV9015zgK%2BP5r4ZCysDfiDpWfp68eJATNakOpEDWrKNNkwjB4ZrtKiJqxCj2kFYx83zForf4nGUgPwiv53t%2BtlmqAbCY81f975eS5nfR25FBiP83WAv8GAIoQ0MwLPWeb%2Fb%2F2WGLD5QDcbSt4WomyqsXo5EGyTUCeb6dIWM6cFFumK98KaIZa4VBE0V5wqYGSThu2S7viFnVxyoQ07sfSnZCMHn7BDBNaqXNmoKbAeTMvqFhqHKlMAtG06yfdqTanlcT4WlGyJdeyVhal5D01ogwJNJzOL94tt1j%2F5b6zPXpuSOxJbq84OqhO%2BYXdvS5jfW3qIXEiE7CK2DstF0sjZiXDO8eKLFVjKAYwLx2wIluZ05%2FiL3MWsFcTbnjz%2FZLXrSOWqEz0N2Zx6iLTPXtswGZD0H450o9wcyZixZhISjgAsxM4p2djkXPZbdLRvkJ7m8cgIRCk8vtGb7Z%2FKGMSEdE%3D&nvMid=87091267964&catId=50001519
Apple 아이폰 15 프로 256GB 자급제 화이트 티타늄 (정품),"1,429,990원",https://cr.shopping.naver.com/adcr?x=vSsojnfBXxMU5oG1hB5%2BQ%2F%2F%2F%2Fw%3D%3DsZ1pbZNhD60uzuEVnOwIgvJR6ctJMHU4V8O%2BuctAnmSTxTAJR5s3V3RheLYZrm3hT1T54H202r75GiEJwl0e4fWg6HabDTRx466CGciRiUnFBZuMfzSBinsMMtj7lqMfUpmWMW02Rfkp%2Fa7XIA5kPyigqPjVtKicAMxlBv5fNcgvumundRtj6DafqB7IoIcy%2FRL6iu0rN9ANYEXkZX8p%2BoSEm%2FeWMmjv1VUimPr%2BbdY5W6v2zGWtV3FbDV35ERKGwlhNQ%2B6khi%2F8NMPkzNKbWcglIoSvKTA%2Ffvxn7nqCVPzyk6v2w9jBqMGR4TTsgYaQnlII%2ByYYqWVu3SSXxcjEJdEoouHQLOYqOuNP2AjAMEU84Yvt%2BFtmUo004yh0vGnLGbF4OZVL2Q%2FcwuxYvViSTh0GTl5FcS%2B65FwRRgvEl0afUl1Mb6CmDxR1AktcPJbKnXMJwZb4Qkvod8Tw5s2U1Pl%2FyAykvl2AY14ifn5jETA7o1rKV2m%2FsvD7Xf0B9at3CwWoIK15fXOSEbwm8JAM2zHB4eSj66M8bMW%2BJjPPsPuA01fxW%2Bl2qWyLiAC%2BBJeZ2FXkZaIaNJRP04HkjiAODveoPrJtXEm78p6kWG%2BxDWLD2pYgaudUb1gSm9sLMO22D%2Bp0EGqpZpLLsQP93IWSI3eJRbop3qwiRpBGcEs0hK6IGruH08DlKshetxY8KUEZb&nvMid=87730417958&catId=50001519
해외아이폰 SE1 iPhone SE1 공기계 세컨폰 ref se 언락 항공 실버 16GB,"123,000원",https://cr.shopping.naver.com/adcr?x=cm%2BEygGHp05xBrba2GveKv%2F%2F%2Fw%3D%3Ds%2FXeq%2BFak4KuyxB1%2FAD4nk9oubUBYdb0oZXun2ClyJNTxTAJR5s3V3RheLYZrm3hTEt9yVq3aZi4W1Ey8J%2Fbmvmg6HabDTRx466CGciRiUnFBZuMfzSBinsMMtj7lqMfUpmWMW02Rfkp%2Fa7XIA5kPyigqPjVtKicAMxlBv5fNcgvumundRtj6DafqB7IoIcy%2FRL6iu0rN9ANYEXkZX8p%2BoSEm%2FeWMmjv1VUimPr%2BbdY6HIuMNM7VKHD6Hpd2Ep4jmlhNQ%2B6khi%2F8NMPkzNKbWcglIoSvKTA%2Ffvxn7nqCVPzyk6v2w9jBqMGR4TTsgYaQnlII%2ByYYqWVu3SSXxcjEJdMGECSHdI6Vof4N%2BmgguZ7310%2BOTbuZF6JibzF0ibvaqgQTAaHG5egb4muwzcbROOiC%2BVjy7QUIRBL4msaA5tuQhwTs421x06c99CW0QrZnzfbVgL3nO5%2FvUczRQYIulA10SKuH47EYx47%2BJbHF8fezz9CleRIXbTwkayiXCASH%2BwaiEGl01sLQUUYYRPinfOv77AbwexYu2GA33Vu75JBrcd%2BxiBHDKguqRXD44LlKCRtxU8dCV508BmtP9vagC8bEKHCxBhmtMLJXh3NqRZK0%2BpOy%2BZmC%2Bj5FigzCt3C9pr49uZWuuWDE%2FOCCECJbyZemo56iA1z8T1i1X6I%2FPsnXLVWGr8fvvH1mWvUgXPK6j&nvMid=89660796323&catId=50000249
[대여] 아이폰14 프로 렌탈 무보증금 무서류 카메라 캠코더 휴대폰 스마트폰,"16,000원",https://cr.shopping.naver.com/adcr?x=Xax%2Bd6GB4SfAgYjVcPt%2Fff%2F%2F%2Fw%3D%3Ds1Kt%2B%2BosmKnT%2BTfxe%2Fz9U6bRW9YZ8kzUwkW6mVLx9xpkAjU5j3gjlMYsRq8%2BGHFpSAHcUrxML8sojKebLa96mQjXJD0NsZoE8wg%2BLc2SvDZhHRaISaXjSXtxpkOUV9xcVYGgJgOkBOhv00VctSKEY2gqaAUUK0wfEnvAn8a3oubnlU05CXBhSD3WPPdCE7tQphNAWEw0JCsb7LJXBJqKWV9015zgK%2BP5r4ZCysDfiDpV3NQY65KqpQro7BtyPGUViV2ah8hyFffWTGR4LIuL8fDForf4nGUgPwiv53t%2BtlmqAbCY81f975eS5nfR25FBiP83WAv8GAIoQ0MwLPWeb%2FeDX48N3Q9g7Ca6azJh7m6DmExjDAOTZTrF407xU3h8lAeuQKgRq6z4fGpaOnMSDdhn2z%2Fc5Ap26Ez4ItiWDAoCMHn7BDBNaqXNmoKbAeTMv%2BI7vL6huoqMPLz0nFxOQ2FHuLqUF1Bx19BTKHihNfS4skOF4pa6TtPyCtdDCQy42NYYhpqE9O9aUdYhWT59kiQfsECGb8j75FxvLhtFMqU5ZRNmgQRODmxL0pfhYxO8cTchTIY15z0WdsznLTWQoDOTAhApV7y4GCDAX50cf0VhWsep8RvH0T%2FkYe8eX%2BGG8S7ucDGhEZ%2FvLNUx4nQ8krUA8RP7k%2FuZzGKY9D2cDMAunR4rORc6%2B2QihumY6RnCSWsl5%2Bg4luaQ7gEP1gxuYzQ1QmAmnoJRdq4K9btjkCM0%3D&nvMid=84914932359&catId=50000249
해외아이폰7 32GB 신품급 감성카메라 배터리100%,"139,500원",https://cr.shopping.naver.com/adcr?x=U6j4P%2B8%2BC42K1esJcM3Dov%2F%2F%2Fw%3D%3DsWF%2FBocw0p2b%2Bf74F%2BTlHk58hPuz3sFFaclRo2p8YR2MAjU5j3gjlMYsRq8%2BGHFpStmJKIROluQqutsZCktS9KjXJD0NsZoE8wg%2BLc2SvDZhHRaISaXjSXtxpkOUV9xcVYGgJgOkBOhv00VctSKEY2gqaAUUK0wfEnvAn8a3oubnlU05CXBhSD3WPPdCE7tQphNAWEw0JCsb7LJXBJqKWV9015zgK%2BP5r4ZCysDfiDpVNdqx00DN2LKcDGflrKdNWXsapHaikuWXoz1YgPVaCC3HzK7ICYRwdqEB0iK5u%2BztVXemfpmeX70wC2wQT5nyi5pxiwDZPU40LYzhHX%2FcRv9pUcejhsDqmox%2B6YwW%2FOF1XQrn%2FEdjtdOQf8ZmCZhmh5adVVOd36sZSkwU%2FrusCgqJuTUEVwtDa6mNqnVLZ%2FuVuGn2V5pCke0wopEIT%2Fi25BRxhh8RrHQJNLgpnx4wv8kvz2HcyZij9Oc8jJoFT4VyM%2FRDQC0l7y9aIJX1oIRXqVrkN4PO2H7WoKXDxzuMCXefUINEKk6UDG7h7UeSXHqUacqE3KUH9Gzwl52ONcUIda1jS8Ua1hwiaLnWMxworxn46BsGCLJli%2BLs27LAbDobCcjUaMr8MMapP7SHbA6EDv1t%2BQzfSsII4IJ5MVXHjgmhopkeKUdu5q4dSKA0zkoA%3D&nvMid=89333330623&catId=50000249
[대여]아이폰16 프로 대여/렌탈 서울 가락시장역 방문수령 퀵발송 256GB,"19,000원",https://cr.shopping.naver.com/adcr?x=0hJmMcogmh1EtHVzuSMpQ%2F%2F%2F%2Fw%3D%3DsNcHsZWIdgYjau7lups9D%2FnTzFwxF1n32eoGDYr%2BI9ChyoYErd7Wx1dfdVO6hh7qVyoDoJg%2Fcrm%2Fmk2v9PP9gjMKdlAuo4CRofAy%2FiHp8jqv8RtWXQ%2B4yWv%2FzzZujOpojg%2Fq43gEJBpuKo4bl1tT3pjaVokXeB%2BFEPJLMumGeWy5moZM3gSNH3h6%2BDtNnzbeVyaxxRm4H8HcYDi0B3B3iQmfQT7uWwvxdz8nMvhXCKF3W%2BLu6C3KkSESz%2F5Ndi9UxPsT%2FxSjpUJFdlZfyHQtivxKy3LoYl2rVajvOxbF9h7C54J8UO7LDGXdPU9Do8oyMXmq0wb8nQ9S1CNyVqQgAyDTfw7wVQXfeoU0HHOUZQnx4I8bFQXMZoqA9YnHat5f2K98KaIZa4VBE0V5wqYGSTj%2FhrY97X3WMg%2FJ5sd1n%2Fi%2BMHn7BDBNaqXNmoKbAeTMvE%2BGneQha3OdwtcFlV10prZC3IGRS8obV3eRarAgBeY6qZM01AIceKJCk6z30NEBCUQMj9jSQZ0oJE%2BKK4REuOm7WCNHr1hJ2uGu9qmfnsTKpmfkQWQguNnS8bhk2uOuemizsw57iASTSdiNeVn6LnaUopksPMsSeel7B%2BiP42y4phM4Xkqwer6KAYBzWkB5nOj5mI128MaNoq8eJXcJtuTWrJUkxyK%2FQWwBOBOe7vH6xS68FSbwf2lgK%2Ff2FSJFAzY6of2Xpggjm6A4Z8HgJhg%3D%3D&nvMid=89200635457&catId=50001519
해외아이폰6 자급제 세컨폰 학생폰 공기계 카메라무음 실버 16GB,"82,000원",https://cr.shopping.naver.com/adcr?x=ld6075sE13OyPCeTmACHP%2F%2F%2F%2Fw%3D%3DspUGvV5yPuwmGDn9L1BITZI2RltWaeQJFPsx91NYi5s3xTAJR5s3V3RheLYZrm3hToOhruBHPvWjq0yeToXUloGg6HabDTRx466CGciRiUnFBZuMfzSBinsMMtj7lqMfUpmWMW02Rfkp%2Fa7XIA5kPyigqPjVtKicAMxlBv5fNcgvumundRtj6DafqB7IoIcy%2FRL6iu0rN9ANYEXkZX8p%2BoSEm%2FeWMmjv1VUimPr%2BbdY5lSn5N3OFCv00OjsetAg%2FslhNQ%2B6khi%2F8NMPkzNKbWcglIoSvKTA%2Ffvxn7nqCVPzyk6v2w9jBqMGR4TTsgYaQnlII%2ByYYqWVu3SSXxcjEJdKoXEQJDqrdQ1oibEhcoh41HYv457LzZ5Kos1C%2Fsz1VeS25wFKNFGab1Mlgs7bQfmVzMpTWGELSChGfJl2aNN3BeXs8JhKr1w%2FfTQog2lGike%2FdhF4aYLtdIPpVHhWquRyqcVaUqwZ22A4HOZ0IVuZS4Ylkh2g3Ix90ev0OVu3Z4%2BDuWQyE95Oae1GdTItuy4S5ATgn1vP14zmnctsEFlL2GoDf%2BhBKtHUGjBSXqpi20Jx%2BBJfbEsd1Vru2oIjX1CmtY0vFGtYcImi51jMcKK8YWq2mP5l3KnvTLvnTI9UjMdDq0LQGT6sDRIxU19aU9YtDtGLJ07nQLAo18eSw9A2ZoaKZHilHbuauHUigNM5KA&nvMid=88957834934&catId=50000249
아이폰 13 미니 128GB [SKT],최저1원,https://cr.shopping.naver.com/adcr?x=wEO1ILCuQuaLOey0k1oc%2BP%2F%2F%2Fw%3D%3DsMhazmUTraNQtxURuGpFhKeSASC2d8bQgDBVZ6I%2FURNrxTAJR5s3V3RheLYZrm3hThtjleqf%2BRuKB6ybqCXTm6Wg6HabDTRx466CGciRiUnFBZuMfzSBinsMMtj7lqMfUpmWMW02Rfkp%2Fa7XIA5kPyigqPjVtKicAMxlBv5fNcgvumundRtj6DafqB7IoIcy%2F334rL%2BbR36BhYe0R%2FrUmjkI1yUrC8vID%2FKz%2F8c89qMsSk2DGuPAbOJ7a76%2Fx61E4Y2ZxuAuvSW7ZwIsaDJftz694IFlqpi2PXO88uXmhtpESWkA26NjCjQKaiTj79qQ2IYcO%2BwZChQd38bYTPmzUgD9rXyqENDUD8omnd%2BAEOivf3Vb8LXDlJWzaxi1N0VJ6BRduNa4mMrJb1lR3tylmmVC8IvS%2BNPsEPJ7D6mlNi%2F73p6D4b9UdWu%2Bn8ePlI3gG9NCXNo%2Bh%2BVWWSXWSy5R7B0tdy%2F0DPgmbquq6SjnyPoOyovKRC4aHTXKUgO0QOirGjcrsH992U5ywQWl4X09gZcjV867IxYgYpPrpQyOT7lj6779orgmMuQ7EyTIvk2U4E%2Fr%2B9ghvMuA%2FvkhnVkrsChGk4XMJtozo5T3u6g%2BJ%2BOtuDQa3auZmUn4LW2JDuE03pMrwdJMnmKruheqUHlr708cgIRCk8vtGb7Z%2FKGMSEdE%3D&nvMid=29030427586&catId=50000246
애플 아이폰 16e 512GB 미개봉 새제품,"880,000원",https://cr.shopping.naver.com/adcr?x=Z7FFGyS2dBtInw7MuDJ3m%2F%2F%2F%2Fw%3D%3DsKf5L%2FmxhMe%2BaQ5qXkluaNjGa%2BN6%2F7njCpICiby8ydWxyoYErd7Wx1dfdVO6hh7qV1z3HVEqLP1LTsUSTHOpjosKdlAuo4CRofAy%2FiHp8jqv8RtWXQ%2B4yWv%2FzzZujOpojg%2Fq43gEJBpuKo4bl1tT3pjaVokXeB%2BFEPJLMumGeWy5moZM3gSNH3h6%2BDtNnzbeVyaxxRm4H8HcYDi0B3B3iQmfQT7uWwvxdz8nMvhXCKF1icMXIU4DJauZu2Mf1spjWPsT%2FxSjpUJFdlZfyHQtivxKy3LoYl2rVajvOxbF9h7C54J8UO7LDGXdPU9Do8oyMXmq0wb8nQ9S1CNyVqQgAyN%2BrXkdMIzHc2uio0Ch8ee%2BAixnWzabim34zkcem3JwmvX82Y5Ils9cLeBDu1LyZBzgU9fyuaGa6fp8OZRNha8sUIkt5M0yIil13vZMydQVHa6Vks%2B2VmMH7X%2BXhca4pjW3xbnPQkj81p5ETqqbdnQEm3O7rBcI0ohgitEoFMWztO18rdD2KF3cUMbBBeUZvg%2B7iU5ZysEms3gXK3ilblJ82IWAinpDwg720zBf8CUKXb%2BiORY754wL3XTGIQtrGISktiVl0XzezKLTDmp01yNx173QWZmnQnJP6wXTTwS28xyAhEKTy%2B0Zvtn8oYxIR0Q%3D%3D&nvMid=89710099680&catId=50001519
해외아이폰se1세대 학생폰 iPhone 카메라 공기계 골드 세컨폰,"39,130원",https://cr.shopping.naver.com/adcr?x=sGZJYuq1jEtzUUhFVwloOf%2F%2F%2Fw%3D%3DslVCGbIyJbXJ%2FkcvJB3y5dFK6WJcAceQ18PUwiJr5e9oAjU5j3gjlMYsRq8%2BGHFpS5A8hwA3hKOkdd%2BG89lh8kzXJD0NsZoE8wg%2BLc2SvDZhHRaISaXjSXtxpkOUV9xcVYGgJgOkBOhv00VctSKEY2gqaAUUK0wfEnvAn8a3oubnlU05CXBhSD3WPPdCE7tQpIpJ6LpiCpTGwPiLue0aCpCNfHYFyP3Zga6vKfuOiKRKq%2BTDriK%2Bi%2FTs1AMNo3PcmjdDQPT9rm7fJw90nXZBNgURpBvIw79rswtOzKpocBLti0b778Si%2F8IDCLCgq4VN%2BBR%2BS9U10lC1RR1XNIUgk33HzK7ICYRwdqEB0iK5u%2BztVXemfpmeX70wC2wQT5nyi5pxiwDZPU40LYzhHX%2FcRv7QIXciNi1olqs%2BT493%2F5LQWioNqsZUGnwmKOUlnOCKQS25wFKNFGab1Mlgs7bQfmWnO26O9E0sgBwYIMn2iT4VeXs8JhKr1w%2FfTQog2lGikjx6S5cR27NeFL4v4XiiM28iVXI%2FqhOr2sfOyN%2BlEl5ZhlL8%2FUCwY1IHxpL1j731DXgPWSCfBf9RRXSF%2FccYbsnRkVuYbwc5LZnXWkQ8oDTeSOA3CUbK4rNUkk8MyCQEx3ik77NRTwd%2BCYpq%2FTvcWlMvTtug4vCjEvohqOyQz59mxsXACsA6A%2F2iv9ODw9yMO6TmWOxDtk2EuWKJDS%2B1Mys2OqH9l6YII5ugOGfB4CYY%3D&nvMid=54578691968&catId=50000249
해외아이폰6S 공기계 모두의애플 무음 6s 실버 16GB WIFI,"116,500원",https://cr.shopping.naver.com/adcr?x=b%2FhFSfXjpT72D3UfQq%2FaRf%2F%2F%2Fw%3D%3Ds5Qft9yHaFFPfCswd8cwHAnLOr13U8dn0Rrdm7dw1mEEAjU5j3gjlMYsRq8%2BGHFpSlXAGrIXoSP%2Be4OhIMu2j1TXJD0NsZoE8wg%2BLc2SvDZhHRaISaXjSXtxpkOUV9xcVYGgJgOkBOhv00VctSKEY2gqaAUUK0wfEnvAn8a3oubnlU05CXBhSD3WPPdCE7tQphNAWEw0JCsb7LJXBJqKWV9015zgK%2BP5r4ZCysDfiDpXzoFTOZ6C65yNYci%2BLmNTvYEKPi0amLWQYf3KqAdZzsnHzK7ICYRwdqEB0iK5u%2BztVXemfpmeX70wC2wQT5nyi5pxiwDZPU40LYzhHX%2FcRv2SWTQ%2BeA2%2FCqn8xfKDRW5P1Y3wxXaZN1%2BIxBTxAjPXFDG4evy%2BM13j64UYOnhTyGdcAAO%2FItxGFrspCcQADn5bdcKGS8K3v9HOi3wvF0LzmHdoRiBuPVRnT%2B8OoqltgSuBLD9zoTNmHrj0TSTPK2U8qsB6%2B8mem%2F3wKVZjvWvRGjwuiTM7PQa2xKkK70%2BffgjEb%2BnrG6qZpGBkVdYntNdkYe9Vx7eCUY%2FOHQXZpSa3OE2rWgjg1VckQZK2hQst1Nq3EcbSv%2FfGykko56l413uze%2B0Oq1wYDN3wxHVrovJjBtkpMl8BsivU2HwwRsoiEgQE0KAaGcmhjIDxXiPYBFw0NUJgJp6CUXauCvW7Y5AjN&nvMid=89350493598&catId=50001519
해외아이폰 Xs 무음 공기계 언락 인스타 세컨폰 실버 64GB 항공,"297,500원",https://cr.shopping.naver.com/adcr?x=W61LK0pHj6gyvYQyFpVdV%2F%2F%2F%2Fw%3D%3DsArm6K8zObAfboOlQqZbvpa14KbxyNxRSGd996HYNiIYAjU5j3gjlMYsRq8%2BGHFpS7noEmmeeaBIHfp5uNNmI3TXJD0NsZoE8wg%2BLc2SvDZhHRaISaXjSXtxpkOUV9xcVYGgJgOkBOhv00VctSKEY2gqaAUUK0wfEnvAn8a3oubnlU05CXBhSD3WPPdCE7tQphNAWEw0JCsb7LJXBJqKWV9015zgK%2BP5r4ZCysDfiDpUeDSrMay8v3njg8mOH8SoN1g8tQOXbtVS%2Bs8xgNLh13nHzK7ICYRwdqEB0iK5u%2BztVXemfpmeX70wC2wQT5nyi5pxiwDZPU40LYzhHX%2FcRv98Q7t6wcJaQoBSOUqFWC%2BAXwN2oN%2FNwkx3bK8mvZTbg5adVVOd36sZSkwU%2FrusCgjiQsP%2BbUlZdO5sSlPb1MRCkJeeZ%2Fgds%2F%2FgOmsQgjHzDFO9sDzRw6RCYEGvd2fB4FpCJHUOrulA%2B42JyKCCq0D4duC3k1tv2KCru%2BmLuhrG9XtBNhmn68VmsvcaFMf7XapCjAckk6uQeiUUDjHJRUDwwCH9KIdZsbYek1no04NIyB4NKo5nyv3DFdaeCJoTlZqOuBZD%2FQkGyMe53inOjnLWQUkt5g7zQpX4qiGVSH1Wz7zJHCKn4Ju1nM01%2FCaoI4WliOjmE8rDJostGiSZ%2BDA5Xc50eBITwugSNPH3Ok09sVpGw61BSdoQRvEGgfFlc5w%3D%3D&nvMid=89722101331&catId=50000249
아이폰 사전예약 애플 아이폰17 프로 부산휴대폰성지 온라인 핸드폰 개통 휴대폰성지 시세표,100원,https://cr.shopping.naver.com/adcr?x=313UazKHMLU0erEw%2FzEUY%2F%2F%2F%2Fw%3D%3DsVZFEtsajMThvgej50STuR%2BXQ4BBmbvwAkCYuNaK2HnRyoYErd7Wx1dfdVO6hh7qVl8uMJhRPPEJZ4UFAOEfKqcKdlAuo4CRofAy%2FiHp8jqv8RtWXQ%2B4yWv%2FzzZujOpojg%2Fq43gEJBpuKo4bl1tT3pjaVokXeB%2BFEPJLMumGeWy5moZM3gSNH3h6%2BDtNnzbeVvmzogpoodbe2tETAnPInphv0KXtSAd7Nx2AdxYITJULxZWuvR77kt%2FLV9FCkG%2B0ZKqWdBe2ggld1zFB%2FGbs8YZ3%2BAHbAorl%2BEQmQYNM1TqAVd1SPhxNyVYaa8CGm6Hrvv3sWRfAdqWuFWOuswFVdYTWfO1bMW3pjep%2FoDC8p5zwyhEAAzBLDLfT4H%2BPaIJmaTB%2Fu4CeJ3r7tX51%2BDY%2FuCx9OhkI%2B6Os%2FQp9yMewl4EoHi%2FJg47oNDDASkMKeDThBwc%2B%2FjkR2vl%2B%2B%2B%2F%2BVPNlrhSe%2BwWnuWri%2BrdilaYJI6sABnRDxjcMd%2FugK9Ir7Kyu9u%2FaZDunUnivakt%2BfqGUOHFxwJ0R1V%2FZ0Djx1kck1ALtnRJNiq4i%2FNCdKfPWV1BJqkcJhBU0uTW5xNjhnsS1TheI62f%2FZaPFS0MS%2FTwmQitioWGocqUwC0bTrJ92pNqeVQtrv%2BR7NRpC368NdErO1mpFmL04xy5xb4%2BtJLaMUvZCMxHYlFJW0ib1aQKu2mPvDE4%2BV8UtmoEjIkc3CfaNdWSJwk1ujWh2HT%2FggwWb3QeUYFgO9%2BIvp%2F%2B1fm5ggTa3ZmwQVEjcaOjafoTsw%2FD6NRp5IH%2BARLQtKJF9CtYkWe7x8CXl251OpmWizflz2KEWc2D3ZF8gXdvs9IgAkjVz%2Fm2Aek05N6%2FIu825CRAZaz2XNjqh%2FZemCCOboDhnweAmG&nvMid=52686376442&catId=50001519
아이폰 14 256GB Apple 미개봉 새상품,"447,000원",https://cr.shopping.naver.com/adcr?x=dUzIPZWByF6LBfnqswjBMf%2F%2F%2Fw%3D%3Ds8ywiVzUSdM%2F%2BulXN4Ikj%2Fk5mcX9stYzuP1zvIOmXtc9yoYErd7Wx1dfdVO6hh7qVQA7kBJs%2BjtDByDarJ3FeHcKdlAuo4CRofAy%2FiHp8jqv8RtWXQ%2B4yWv%2FzzZujOpojg%2Fq43gEJBpuKo4bl1tT3pjaVokXeB%2BFEPJLMumGeWy5moZM3gSNH3h6%2BDtNnzbeVyaxxRm4H8HcYDi0B3B3iQmfQT7uWwvxdz8nMvhXCKF0f%2BNagS9zKQQNdocHkSq9uPsT%2FxSjpUJFdlZfyHQtivxKy3LoYl2rVajvOxbF9h7C54J8UO7LDGXdPU9Do8oyMXmq0wb8nQ9S1CNyVqQgAyMBfz6AhgKYCm4VS4B%2Fr8itv37qqrGz6%2Flcmfh8tq7KZK98KaIZa4VBE0V5wqYGSTmCAaHbWp77I7RbTr39LSF2MHn7BDBNaqXNmoKbAeTMv2jZurF%2FxcXwBCl0373diaHf5yKBm%2Fkwo27nAkv88TTvlrWJaEAsyBxB%2FVyTfQsiSmizsw57iASTSdiNeVn6Lnbi5uNX5hqP4vg1KpU%2FCy9TTn%2BIvcxawVxNuePP9ktet1rLBFtqt14%2BDqVNT47%2BaZJnh57kH%2BNhllzMTHucAbH5blUxObzoybMUouJvGSjn%2FxyAhEKTy%2B0Zvtn8oYxIR0Q%3D%3D&nvMid=88646679621&catId=50001519
